01-01,06:25,14:25
01-02,06:26,14:26
01-03,06:27,14:27
01-04,06:28,14:28
01-05,06:29,14:29
01-06,06:30,14:30
01-07,06:31,14:31
01-08,06:32,14:32
01-09,06:33,14:33
01-10,06:34,14:34
01-11,06:35,14:35
01-12,06:36,14:36
01-13,06:37,14:37
01-14,06:38,14:38
01-15,06:39,14:39
01-16,06:40,14:40
01-17,06:41,14:41
01-18,06:42,14:42
01-19,06:43,14:43
01-20,06:44,14:44
01-21,06:45,14:45
01-22,06:46,14:46
01-23,06:47,14:47
01-24,06:48,14:48
01-25,06:49,14:49
01-26,06:50,14:50
01-27,06:51,14:51
01-28,06:52,14:52
01-29,06:53,14:53
01-30,06:54,14:54
01-31,06:55,14:55
02-01,06:56,14:56
02-02,06:57,14:57
02-03,06:58,14:58
02-04,06:59,14:59
02-05,07:00,15:00
02-06,07:01,15:01
02-07,07:02,15:02
02-08,07:03,15:03
02-09,07:04,15:04
02-10,07:05,15:05
02-11,07:06,15:06
02-12,07:07,15:07
02-13,07:08,15:08
02-14,07:09,15:09
02-15,07:10,15:10
02-16,07:11,15:11
02-17,07:12,15:12
02-18,07:13,15:13
02-19,07:14,15:14
02-20,07:15,15:15
02-21,07:16,15:16
02-22,07:17,15:17
02-23,07:18,15:18
02-24,07:19,15:19
02-25,07:20,15:20
02-26,07:21,15:21
02-27,07:22,15:22
02-28,07:23,15:23
03-01,07:24,15:24
03-02,07:25,15:25
03-03,07:26,15:26
03-04,07:27,15:27
03-05,07:28,15:28
03-06,07:29,15:29
03-07,07:30,15:30
03-08,07:31,15:31
03-09,07:32,15:32
03-10,07:33,15:33
03-11,07:34,15:34
03-12,07:35,15:35
03-13,07:36,15:36
03-14,07:37,15:37
03-15,07:38,15:38
03-16,07:39,15:39
03-17,07:40,15:40
03-18,07:41,15:41
03-19,07:42,15:42
03-20,07:43,15:43
03-21,07:44,15:44
03-22,07:45,15:45
03-23,07:46,15:46
03-24,07:47,15:47
03-25,07:48,15:48
03-26,07:49,15:49
03-27,07:50,15:50
03-28,07:51,15:51
03-29,07:52,15:52
03-30,07:53,15:53
03-31,07:54,15:54
04-01,07:55,15:55
04-02,07:56,15:56
04-03,07:57,15:57
04-04,07:58,15:58
04-05,07:59,15:59
04-06,08:00,16:00
04-07,08:01,16:01
04-08,08:02,16:02
04-09,08:03,16:03
04-10,08:04,16:04
04-11,08:05,16:05
04-12,08:06,16:06
04-13,08:07,16:07
04-14,08:08,16:08
04-15,08:09,16:09
04-16,08:10,16:10
04-17,08:11,16:11
04-18,08:12,16:12
04-19,08:13,16:13
04-20,08:14,16:14
04-21,08:15,16:15
04-22,08:16,16:16
04-23,08:17,16:17
04-24,08:18,16:18
04-25,08:19,16:19
04-26,08:20,16:20
04-27,08:21,16:21
04-28,08:22,16:22
04-29,08:23,16:23
04-30,08:24,16:24
05-01,08:25,16:25
05-02,08:26,16:26
05-03,08:27,16:27
05-04,08:28,16:28
05-05,08:29,16:29
05-06,08:30,16:30
05-07,08:31,16:31
05-08,08:32,16:32
05-09,08:33,16:33
05-10,08:34,16:34
05-11,08:35,16:35
05-12,08:36,16:36
05-13,08:37,16:37
05-14,08:38,16:38
05-15,08:39,16:39
05-16,08:40,16:40
05-17,08:41,16:41
05-18,08:42,16:42
05-19,08:43,16:43
05-20,08:44,16:44
05-21,08:45,16:45
05-22,08:46,16:46
05-23,08:47,16:47
05-24,08:48,16:48
05-25,08:49,16:49
05-26,08:50,16:50
05-27,08:51,16:51
05-28,08:52,16:52
05-29,08:53,16:53
05-30,08:54,16:54
05-31,08:55,16:55
06-01,08:56,16:56
06-02,08:57,16:57
06-03,08:58,16:58
06-04,08:59,16:59
06-05,09:00,17:00
06-06,09:01,17:01
06-07,09:02,17:02
06-08,09:03,17:03
06-09,09:04,17:04
06-10,09:05,17:05
06-11,09:06,17:06
06-12,09:07,17:07
06-13,09:08,17:08
06-14,09:09,17:09
06-15,09:10,17:10
06-16,09:11,17:11
06-17,09:12,17:12
06-18,09:13,17:13
06-19,09:14,17:14
06-20,09:15,17:15
06-21,09:16,17:16
06-22,09:17,17:17
06-23,09:18,17:18
06-24,09:19,17:19
06-25,09:20,17:20
06-26,09:21,17:21
06-27,09:22,17:22
06-28,09:23,17:23
06-29,09:24,17:24
06-30,09:25,17:25
07-01,09:26,17:26
07-02,09:27,17:27
07-03,09:28,17:28
07-04,09:29,17:29
07-05,09:30,17:30
07-06,09:31,17:31
07-07,09:32,17:32
07-08,09:33,17:33
07-09,09:34,17:34
07-10,09:35,17:35
07-11,09:36,17:36
07-12,09:37,17:37
07-13,09:38,17:38
07-14,09:39,17:39
07-15,09:40,17:40
07-16,09:41,17:41
07-17,09:42,17:42
07-18,09:43,17:43
07-19,09:44,17:44
07-20,09:45,17:45
07-21,09:46,17:46
07-22,09:47,17:47
07-23,09:48,17:48
07-24,09:49,17:49
07-25,09:50,17:50
07-26,09:51,17:51
07-27,09:52,17:52
07-28,09:53,17:53
07-29,09:54,17:54
07-30,09:55,17:55
07-31,09:56,17:56
08-01,09:57,17:57
08-02,09:58,17:58
08-03,09:59,17:59
08-04,10:00,18:00
08-05,10:01,18:01
08-06,10:02,18:02
08-07,10:03,18:03
08-08,10:04,18:04
08-09,10:05,18:05
08-10,10:06,18:06
08-11,10:07,18:07
08-12,10:08,18:08
08-13,10:09,18:09
08-14,10:10,18:10
08-15,10:11,18:11
08-16,10:12,18:12
08-17,10:13,18:13
08-18,10:14,18:14
08-19,10:15,18:15
08-20,10:16,18:16
08-21,10:17,18:17
08-22,10:18,18:18
08-23,10:19,18:19
08-24,10:20,18:20
08-25,10:21,18:21
08-26,10:22,18:22
08-27,10:23,18:23
08-28,10:24,18:24
08-29,10:25,18:25
08-30,10:26,18:26
08-31,10:27,18:27
09-01,10:28,18:28
09-02,10:29,18:29
09-03,10:30,18:30
09-04,10:31,18:31
09-05,10:32,18:32
09-06,10:33,18:33
09-07,10:34,18:34
09-08,10:35,18:35
09-09,10:36,18:36
09-10,10:37,18:37
09-11,10:38,18:38
09-12,10:39,18:39
09-13,10:40,18:40
09-14,10:41,18:41
09-15,10:42,18:42
09-16,10:43,18:43
09-17,10:44,18:44
09-18,10:45,18:45
09-19,10:46,18:46
09-20,10:47,18:47
09-21,10:48,18:48
09-22,10:49,18:49
09-23,10:50,18:50
09-24,10:51,18:51
09-25,10:52,18:52
09-26,10:53,18:53
09-27,10:54,18:54
09-28,10:55,18:55
09-29,10:56,18:56
09-30,10:57,18:57
10-01,10:58,18:58
10-02,10:59,18:59
10-03,11:00,19:00
10-04,11:01,19:01
10-05,11:02,19:02
10-06,11:03,19:03
10-07,11:04,19:04
10-08,11:05,19:05
10-09,11:06,19:06
10-10,11:07,19:07
10-11,11:08,19:08
10-12,11:09,19:09
10-13,11:10,19:10
10-14,11:11,19:11
10-15,11:12,19:12
10-16,11:13,19:13
10-17,11:14,19:14
10-18,11:15,19:15
10-19,11:16,19:16
10-20,11:17,19:17
10-21,11:18,19:18
10-22,11:19,19:19
10-23,11:20,19:20
10-24,11:21,19:21
10-25,11:22,19:22
10-26,11:23,19:23
10-27,11:24,19:24
10-28,11:25,19:25
10-29,11:26,19:26
10-30,11:27,19:27
10-31,11:28,19:28
11-01,11:29,19:29
11-02,11:30,19:30
11-03,11:31,19:31
11-04,11:32,19:32
11-05,11:33,19:33
11-06,11:34,19:34
11-07,11:35,19:35
11-08,11:36,19:36
11-09,11:37,19:37
11-10,11:38,19:38
11-11,11:39,19:39
11-12,11:40,19:40
11-13,11:41,19:41
11-14,11:42,19:42
11-15,11:43,19:43
11-16,11:44,19:44
11-17,11:45,19:45
11-18,11:46,19:46
11-19,11:47,19:47
11-20,11:48,19:48
11-21,11:49,19:49
11-22,11:50,19:50
11-23,11:51,19:51
11-24,11:52,19:52
11-25,11:53,19:53
11-26,11:54,19:54
11-27,11:55,19:55
11-28,11:56,19:56
11-29,11:57,19:57
11-30,11:58,19:58
12-01,11:59,19:59
12-02,12:00,20:00
12-03,12:01,20:01
12-04,12:02,20:02
12-05,12:03,20:03
12-06,12:04,20:04
12-07,12:05,20:05
12-08,12:06,20:06
12-09,12:07,20:07
12-10,12:08,20:08
12-11,12:09,20:09
12-12,12:10,20:10
12-13,12:11,20:11
12-14,12:12,20:12
12-15,12:13,20:13
12-16,12:14,20:14
12-17,12:15,20:15
12-18,12:16,20:16
12-19,12:17,20:17
12-20,12:18,20:18
12-21,12:19,20:19
12-22,12:20,20:20
12-23,12:21,20:21
12-24,12:22,20:22
12-25,12:23,20:23
12-26,12:24,20:24
12-27,12:25,20:25
12-28,12:26,20:26
12-29,12:27,20:27
12-30,12:28,20:28
12-31,12:29,20:29
